{
    "$schema": "https://schema.management.azure.com/schemas/2015-01-01/deploymentParameters.json#",
    "contentVersion": "1.0.0.0",
    "parameters": {
        "factoryName": {
            "value": "mission100Nihaadf"
        },
        "SQL_DB_Cutomer_LS_connectionString": {
            "value": ""
        },
        "adlsgen2_ls_accountKey": {
            "value": ""
        },
        "adlsgen2_ls_properties_typeProperties_url": {
            "value": "https://niha2512adls.dfs.core.windows.net/"
        },
        "containerUri": {
            "value": ""
        },
        "containerSasToken": {
            "value": ""
        }
    }
}