{
    "$schema": "http://schema.management.azure.com/schemas/2015-01-01/deploymentTemplate.json#",
    "contentVersion": "1.0.0.0",
    "parameters": {
        "factoryName": {
            "type": "string",
            "metadata": "Data Factory name",
            "defaultValue": "mission100Nihaadf"
        },
        "SQL_DB_Cutomer_LS_connectionString": {
            "type": "secureString",
            "metadata": "Secure string for 'connectionString' of 'SQL_DB_Cutomer_LS'"
        },
        "adlsgen2_ls_accountKey": {
            "type": "secureString",
            "metadata": "Secure string for 'accountKey' of 'adlsgen2_ls'"
        },
        "adlsgen2_ls_properties_typeProperties_url": {
            "type": "string",
            "defaultValue": "https://niha2512adls.dfs.core.windows.net/"
        },
        "containerUri": {
            "type": "string",
            "metadata": "URI to storage account containing linked ARM templates"
        },
        "containerSasToken": {
            "type": "string",
            "metadata": "Sas token to storage account containing linked ARM templates"
        }
    },
    "variables": {
        "factoryId": "[concat('Microsoft.DataFactory/factories/', parameters('factoryName'))]"
    },
    "resources": [
        {
            "name": "mission100Nihaadf_ArmTemplate_0",
            "type": "Microsoft.Resources/deployments",
            "apiVersion": "2018-02-01",
            "properties": {
                "mode": "incremental",
                "templateLink": {
                    "uri": "[concat(parameters('containerUri'), '/ArmTemplate_0.json', parameters('containerSasToken'))]",
                    "contentVersion": "1.0.0.0"
                },
                "parameters": {
                    "factoryName": {
                        "value": "[parameters('factoryName')]"
                    },
                    "SQL_DB_Cutomer_LS_connectionString": {
                        "value": "[parameters('SQL_DB_Cutomer_LS_connectionString')]"
                    },
                    "adlsgen2_ls_accountKey": {
                        "value": "[parameters('adlsgen2_ls_accountKey')]"
                    },
                    "adlsgen2_ls_properties_typeProperties_url": {
                        "value": "[parameters('adlsgen2_ls_properties_typeProperties_url')]"
                    }
                }
            },
            "dependsOn": []
        },
        {
            "name": "mission100Nihaadf_ArmTemplate_1",
            "type": "Microsoft.Resources/deployments",
            "apiVersion": "2018-02-01",
            "properties": {
                "mode": "incremental",
                "templateLink": {
                    "uri": "[concat(parameters('containerUri'), '/ArmTemplate_1.json', parameters('containerSasToken'))]",
                    "contentVersion": "1.0.0.0"
                },
                "parameters": {
                    "factoryName": {
                        "value": "[parameters('factoryName')]"
                    }
                }
            },
            "dependsOn": [
                "[resourceId('Microsoft.Resources/deployments', 'mission100Nihaadf_ArmTemplate_0')]"
            ]
        }
    ]
}