{
    "$schema": "http://schema.management.azure.com/schemas/2015-01-01/deploymentTemplate.json#",
    "contentVersion": "1.0.0.0",
    "parameters": {
        "factoryName": {
            "type": "string",
            "metadata": "Data Factory name",
            "defaultValue": "mission100Nihaadf"
        },
        "SQL_DB_Cutomer_LS_connectionString": {
            "type": "secureString",
            "metadata": "Secure string for 'connectionString' of 'SQL_DB_Cutomer_LS'"
        },
        "adlsgen2_ls_accountKey": {
            "type": "secureString",
            "metadata": "Secure string for 'accountKey' of 'adlsgen2_ls'"
        },
        "adlsgen2_ls_properties_typeProperties_url": {
            "type": "string",
            "defaultValue": "https://niha2512adls.dfs.core.windows.net/"
        }
    },
    "variables": {
        "factoryId": "[concat('Microsoft.DataFactory/factories/', parameters('factoryName'))]"
    },
    "resources": [
        {
            "name": "[concat(parameters('factoryName'), '/SQL_DB_Cutomer_LS')]",
            "type": "Microsoft.DataFactory/factories/linkedServices",
            "apiVersion": "2018-06-01",
            "properties": {
                "annotations": [],
                "type": "AzureSqlDatabase",
                "typeProperties": {
                    "connectionString": "[parameters('SQL_DB_Cutomer_LS_connectionString')]"
                }
            },
            "dependsOn": []
        },
        {
            "name": "[concat(parameters('factoryName'), '/adlsgen2_ls')]",
            "type": "Microsoft.DataFactory/factories/linkedServices",
            "apiVersion": "2018-06-01",
            "properties": {
                "annotations": [],
                "type": "AzureBlobFS",
                "typeProperties": {
                    "url": "[parameters('adlsgen2_ls_properties_typeProperties_url')]",
                    "accountKey": {
                        "type": "SecureString",
                        "value": "[parameters('adlsgen2_ls_accountKey')]"
                    }
                }
            },
            "dependsOn": []
        },
        {
            "name": "[concat(parameters('factoryName'), '/ADLSgen2_Customer_DS')]",
            "type": "Microsoft.DataFactory/factories/datasets",
            "apiVersion": "2018-06-01",
            "properties": {
                "linkedServiceName": {
                    "referenceName": "adlsgen2_ls",
                    "type": "LinkedServiceReference"
                },
                "annotations": [],
                "type": "DelimitedText",
                "typeProperties": {
                    "location": {
                        "type": "AzureBlobFSLocation",
                        "fileName": "SalesLT.Customer.txt",
                        "fileSystem": "landing"
                    },
                    "columnDelimiter": ",",
                    "escapeChar": "\\",
                    "firstRowAsHeader": true,
                    "quoteChar": "\""
                },
                "schema": [
                    {
                        "name": "CustomerID",
                        "type": "String"
                    },
                    {
                        "name": "NameStyle",
                        "type": "String"
                    },
                    {
                        "name": "Title",
                        "type": "String"
                    },
                    {
                        "name": "FirstName",
                        "type": "String"
                    },
                    {
                        "name": "MiddleName",
                        "type": "String"
                    },
                    {
                        "name": "LastName",
                        "type": "String"
                    },
                    {
                        "name": "Suffix",
                        "type": "String"
                    },
                    {
                        "name": "CompanyName",
                        "type": "String"
                    },
                    {
                        "name": "SalesPerson",
                        "type": "String"
                    },
                    {
                        "name": "EmailAddress",
                        "type": "String"
                    },
                    {
                        "name": "Phone",
                        "type": "String"
                    },
                    {
                        "name": "PasswordHash",
                        "type": "String"
                    },
                    {
                        "name": "PasswordSalt",
                        "type": "String"
                    },
                    {
                        "name": "rowguid",
                        "type": "String"
                    },
                    {
                        "name": "ModifiedDate",
                        "type": "String"
                    }
                ]
            },
            "dependsOn": [
                "[concat(variables('factoryId'), '/linkedServices/adlsgen2_ls')]"
            ]
        },
        {
            "name": "[concat(parameters('factoryName'), '/ADLSgen2_JSON_DS')]",
            "type": "Microsoft.DataFactory/factories/datasets",
            "apiVersion": "2018-06-01",
            "properties": {
                "linkedServiceName": {
                    "referenceName": "adlsgen2_ls",
                    "type": "LinkedServiceReference"
                },
                "annotations": [],
                "type": "Json",
                "typeProperties": {
                    "location": {
                        "type": "AzureBlobFSLocation",
                        "folderPath": "JSON",
                        "fileSystem": "landing"
                    }
                },
                "schema": {}
            },
            "dependsOn": [
                "[concat(variables('factoryId'), '/linkedServices/adlsgen2_ls')]"
            ]
        },
        {
            "name": "[concat(parameters('factoryName'), '/ADLSgen2_csv_DS')]",
            "type": "Microsoft.DataFactory/factories/datasets",
            "apiVersion": "2018-06-01",
            "properties": {
                "linkedServiceName": {
                    "referenceName": "adlsgen2_ls",
                    "type": "LinkedServiceReference"
                },
                "annotations": [],
                "type": "DelimitedText",
                "typeProperties": {
                    "location": {
                        "type": "AzureBlobFSLocation",
                        "folderPath": "CSV",
                        "fileSystem": "landing"
                    },
                    "columnDelimiter": ",",
                    "escapeChar": "\\",
                    "firstRowAsHeader": true,
                    "quoteChar": "\""
                },
                "schema": []
            },
            "dependsOn": [
                "[concat(variables('factoryId'), '/linkedServices/adlsgen2_ls')]"
            ]
        },
        {
            "name": "[concat(parameters('factoryName'), '/ADLSgen2_raw_csv_DS')]",
            "type": "Microsoft.DataFactory/factories/datasets",
            "apiVersion": "2018-06-01",
            "properties": {
                "linkedServiceName": {
                    "referenceName": "adlsgen2_ls",
                    "type": "LinkedServiceReference"
                },
                "annotations": [],
                "type": "DelimitedText",
                "typeProperties": {
                    "location": {
                        "type": "AzureBlobFSLocation",
                        "folderPath": "csv",
                        "fileSystem": "raw"
                    },
                    "columnDelimiter": "|",
                    "escapeChar": "\\",
                    "firstRowAsHeader": true,
                    "quoteChar": "\""
                },
                "schema": []
            },
            "dependsOn": [
                "[concat(variables('factoryId'), '/linkedServices/adlsgen2_ls')]"
            ]
        },
        {
            "name": "[concat(parameters('factoryName'), '/Niha_DB_Customer_DS')]",
            "type": "Microsoft.DataFactory/factories/datasets",
            "apiVersion": "2018-06-01",
            "properties": {
                "linkedServiceName": {
                    "referenceName": "SQL_DB_Cutomer_LS",
                    "type": "LinkedServiceReference"
                },
                "annotations": [],
                "type": "AzureSqlTable",
                "schema": [
                    {
                        "name": "CustomerID",
                        "type": "int",
                        "precision": 10
                    },
                    {
                        "name": "NameStyle",
                        "type": "bit"
                    },
                    {
                        "name": "Title",
                        "type": "nvarchar"
                    },
                    {
                        "name": "FirstName",
                        "type": "nvarchar"
                    },
                    {
                        "name": "MiddleName",
                        "type": "nvarchar"
                    },
                    {
                        "name": "LastName",
                        "type": "nvarchar"
                    },
                    {
                        "name": "Suffix",
                        "type": "nvarchar"
                    },
                    {
                        "name": "CompanyName",
                        "type": "nvarchar"
                    },
                    {
                        "name": "SalesPerson",
                        "type": "nvarchar"
                    },
                    {
                        "name": "EmailAddress",
                        "type": "nvarchar"
                    },
                    {
                        "name": "Phone",
                        "type": "nvarchar"
                    },
                    {
                        "name": "PasswordHash",
                        "type": "varchar"
                    },
                    {
                        "name": "PasswordSalt",
                        "type": "varchar"
                    },
                    {
                        "name": "rowguid",
                        "type": "uniqueidentifier"
                    },
                    {
                        "name": "ModifiedDate",
                        "type": "datetime",
                        "precision": 23,
                        "scale": 3
                    }
                ],
                "typeProperties": {
                    "schema": "SalesLT",
                    "table": "Customer"
                }
            },
            "dependsOn": [
                "[concat(variables('factoryId'), '/linkedServices/SQL_DB_Cutomer_LS')]"
            ]
        },
        {
            "name": "[concat(parameters('factoryName'), '/Niha_adlsgen2_csv_ds')]",
            "type": "Microsoft.DataFactory/factories/datasets",
            "apiVersion": "2018-06-01",
            "properties": {
                "linkedServiceName": {
                    "referenceName": "adlsgen2_ls",
                    "type": "LinkedServiceReference"
                },
                "annotations": [],
                "type": "DelimitedText",
                "typeProperties": {
                    "location": {
                        "type": "AzureBlobFSLocation",
                        "fileSystem": "landing"
                    },
                    "columnDelimiter": ",",
                    "escapeChar": "\\",
                    "firstRowAsHeader": true,
                    "quoteChar": "\""
                },
                "schema": []
            },
            "dependsOn": [
                "[concat(variables('factoryId'), '/linkedServices/adlsgen2_ls')]"
            ]
        },
        {
            "name": "[concat(parameters('factoryName'), '/SQL_DB_Generic_csv_DS')]",
            "type": "Microsoft.DataFactory/factories/datasets",
            "apiVersion": "2018-06-01",
            "properties": {
                "linkedServiceName": {
                    "referenceName": "SQL_DB_Cutomer_LS",
                    "type": "LinkedServiceReference"
                },
                "parameters": {
                    "SchemaName": {
                        "type": "string"
                    },
                    "TableName": {
                        "type": "string"
                    }
                },
                "annotations": [],
                "type": "AzureSqlTable",
                "schema": [],
                "typeProperties": {
                    "schema": {
                        "value": "@dataset().SchemaName",
                        "type": "Expression"
                    },
                    "table": {
                        "value": "@dataset().TableName",
                        "type": "Expression"
                    }
                }
            },
            "dependsOn": [
                "[concat(variables('factoryId'), '/linkedServices/SQL_DB_Cutomer_LS')]"
            ]
        },
        {
            "name": "[concat(parameters('factoryName'), '/SQL_DB_Product_DS')]",
            "type": "Microsoft.DataFactory/factories/datasets",
            "apiVersion": "2018-06-01",
            "properties": {
                "linkedServiceName": {
                    "referenceName": "SQL_DB_Cutomer_LS",
                    "type": "LinkedServiceReference"
                },
                "annotations": [],
                "type": "AzureSqlTable",
                "schema": [
                    {
                        "name": "ProductID",
                        "type": "int",
                        "precision": 10
                    },
                    {
                        "name": "Name",
                        "type": "nvarchar"
                    },
                    {
                        "name": "ProductNumber",
                        "type": "nvarchar"
                    },
                    {
                        "name": "Color",
                        "type": "nvarchar"
                    },
                    {
                        "name": "StandardCost",
                        "type": "money",
                        "precision": 19,
                        "scale": 4
                    },
                    {
                        "name": "ListPrice",
                        "type": "money",
                        "precision": 19,
                        "scale": 4
                    },
                    {
                        "name": "Size",
                        "type": "nvarchar"
                    },
                    {
                        "name": "Weight",
                        "type": "decimal",
                        "precision": 8,
                        "scale": 2
                    },
                    {
                        "name": "ProductCategoryID",
                        "type": "int",
                        "precision": 10
                    },
                    {
                        "name": "ProductModelID",
                        "type": "int",
                        "precision": 10
                    },
                    {
                        "name": "SellStartDate",
                        "type": "datetime",
                        "precision": 23,
                        "scale": 3
                    },
                    {
                        "name": "SellEndDate",
                        "type": "datetime",
                        "precision": 23,
                        "scale": 3
                    },
                    {
                        "name": "DiscontinuedDate",
                        "type": "datetime",
                        "precision": 23,
                        "scale": 3
                    },
                    {
                        "name": "ThumbNailPhoto",
                        "type": "varbinary"
                    },
                    {
                        "name": "ThumbnailPhotoFileName",
                        "type": "nvarchar"
                    },
                    {
                        "name": "rowguid",
                        "type": "uniqueidentifier"
                    },
                    {
                        "name": "ModifiedDate",
                        "type": "datetime",
                        "precision": 23,
                        "scale": 3
                    }
                ],
                "typeProperties": {
                    "schema": "SalesLT",
                    "table": "Product"
                }
            },
            "dependsOn": [
                "[concat(variables('factoryId'), '/linkedServices/SQL_DB_Cutomer_LS')]"
            ]
        },
        {
            "name": "[concat(parameters('factoryName'), '/adlsgen2_dynamic_csv_DS')]",
            "type": "Microsoft.DataFactory/factories/datasets",
            "apiVersion": "2018-06-01",
            "properties": {
                "linkedServiceName": {
                    "referenceName": "adlsgen2_ls",
                    "type": "LinkedServiceReference"
                },
                "annotations": [],
                "type": "DelimitedText",
                "typeProperties": {
                    "location": {
                        "type": "AzureBlobFSLocation",
                        "fileName": {
                            "value": "formatDateTime(utcnow(),'yyyy')/formatDateTime(utcnow(),'MM')/formatDateTime(utcnow(),'dd')/formatDateTime(utcnow(),'hh')/formatDateTime(utcnow(),'mm')/formatDateTime(utcnow(),'ss')",
                            "type": "Expression"
                        },
                        "folderPath": "CSV",
                        "fileSystem": "landing"
                    },
                    "columnDelimiter": ",",
                    "escapeChar": "\\",
                    "firstRowAsHeader": true,
                    "quoteChar": "\""
                },
                "schema": []
            },
            "dependsOn": [
                "[concat(variables('factoryId'), '/linkedServices/adlsgen2_ls')]"
            ]
        },
        {
            "name": "[concat(parameters('factoryName'), '/adlsgen2_generic_DS')]",
            "type": "Microsoft.DataFactory/factories/datasets",
            "apiVersion": "2018-06-01",
            "properties": {
                "linkedServiceName": {
                    "referenceName": "adlsgen2_ls",
                    "type": "LinkedServiceReference"
                },
                "parameters": {
                    "FolderName": {
                        "type": "string"
                    }
                },
                "annotations": [],
                "type": "DelimitedText",
                "typeProperties": {
                    "location": {
                        "type": "AzureBlobFSLocation",
                        "folderPath": {
                            "value": "@dataset().FolderName",
                            "type": "Expression"
                        },
                        "fileSystem": "landing"
                    },
                    "columnDelimiter": ",",
                    "escapeChar": "\\",
                    "firstRowAsHeader": true,
                    "quoteChar": "\""
                },
                "schema": []
            },
            "dependsOn": [
                "[concat(variables('factoryId'), '/linkedServices/adlsgen2_ls')]"
            ]
        },
        {
            "name": "[concat(parameters('factoryName'), '/Copy_Customer_csv_to_folder')]",
            "type": "Microsoft.DataFactory/factories/pipelines",
            "apiVersion": "2018-06-01",
            "properties": {
                "activities": [
                    {
                        "name": "Copy data1",
                        "type": "Copy",
                        "dependsOn": [],
                        "policy": {
                            "timeout": "0.12:00:00",
                            "retry": 0,
                            "retryIntervalInSeconds": 30,
                            "secureOutput": false,
                            "secureInput": false
                        },
                        "userProperties": [],
                        "typeProperties": {
                            "source": {
                                "type": "DelimitedTextSource",
                                "storeSettings": {
                                    "type": "AzureBlobFSReadSettings",
                                    "recursive": true,
                                    "enablePartitionDiscovery": false
                                },
                                "formatSettings": {
                                    "type": "DelimitedTextReadSettings"
                                }
                            },
                            "sink": {
                                "type": "DelimitedTextSink",
                                "storeSettings": {
                                    "type": "AzureBlobFSWriteSettings"
                                },
                                "formatSettings": {
                                    "type": "DelimitedTextWriteSettings",
                                    "quoteAllText": true,
                                    "fileExtension": ".txt"
                                }
                            },
                            "enableStaging": false,
                            "translator": {
                                "type": "TabularTranslator",
                                "typeConversion": true,
                                "typeConversionSettings": {
                                    "allowDataTruncation": true,
                                    "treatBooleanAsNumber": false
                                }
                            }
                        },
                        "inputs": [
                            {
                                "referenceName": "ADLSgen2_Customer_DS",
                                "type": "DatasetReference",
                                "parameters": {}
                            }
                        ],
                        "outputs": [
                            {
                                "referenceName": "ADLSgen2_raw_csv_DS",
                                "type": "DatasetReference",
                                "parameters": {}
                            }
                        ]
                    }
                ],
                "policy": {
                    "elapsedTimeMetric": {}
                },
                "annotations": []
            },
            "dependsOn": [
                "[concat(variables('factoryId'), '/datasets/ADLSgen2_Customer_DS')]",
                "[concat(variables('factoryId'), '/datasets/ADLSgen2_raw_csv_DS')]"
            ]
        },
        {
            "name": "[concat(parameters('factoryName'), '/Copy_Customer_to_csv_pipe')]",
            "type": "Microsoft.DataFactory/factories/pipelines",
            "apiVersion": "2018-06-01",
            "properties": {
                "activities": [
                    {
                        "name": "Copy_Cust_adls_adls",
                        "type": "Copy",
                        "dependsOn": [],
                        "policy": {
                            "timeout": "0.12:00:00",
                            "retry": 0,
                            "retryIntervalInSeconds": 30,
                            "secureOutput": false,
                            "secureInput": false
                        },
                        "userProperties": [],
                        "typeProperties": {
                            "source": {
                                "type": "DelimitedTextSource",
                                "storeSettings": {
                                    "type": "AzureBlobFSReadSettings",
                                    "recursive": true,
                                    "enablePartitionDiscovery": false
                                },
                                "formatSettings": {
                                    "type": "DelimitedTextReadSettings"
                                }
                            },
                            "sink": {
                                "type": "DelimitedTextSink",
                                "storeSettings": {
                                    "type": "AzureBlobFSWriteSettings"
                                },
                                "formatSettings": {
                                    "type": "DelimitedTextWriteSettings",
                                    "quoteAllText": true,
                                    "fileExtension": ".txt"
                                }
                            },
                            "enableStaging": false,
                            "translator": {
                                "type": "TabularTranslator",
                                "typeConversion": true,
                                "typeConversionSettings": {
                                    "allowDataTruncation": true,
                                    "treatBooleanAsNumber": false
                                }
                            }
                        },
                        "inputs": [
                            {
                                "referenceName": "ADLSgen2_Customer_DS",
                                "type": "DatasetReference",
                                "parameters": {}
                            }
                        ],
                        "outputs": [
                            {
                                "referenceName": "ADLSgen2_raw_csv_DS",
                                "type": "DatasetReference",
                                "parameters": {}
                            }
                        ]
                    }
                ],
                "policy": {
                    "elapsedTimeMetric": {}
                },
                "annotations": []
            },
            "dependsOn": [
                "[concat(variables('factoryId'), '/datasets/ADLSgen2_Customer_DS')]",
                "[concat(variables('factoryId'), '/datasets/ADLSgen2_raw_csv_DS')]"
            ]
        },
        {
            "name": "[concat(parameters('factoryName'), '/Copy_Customer_to_json')]",
            "type": "Microsoft.DataFactory/factories/pipelines",
            "apiVersion": "2018-06-01",
            "properties": {
                "activities": [
                    {
                        "name": "Copy_Cutomer_to_json",
                        "type": "Copy",
                        "dependsOn": [],
                        "policy": {
                            "timeout": "0.12:00:00",
                            "retry": 0,
                            "retryIntervalInSeconds": 30,
                            "secureOutput": false,
                            "secureInput": false
                        },
                        "userProperties": [],
                        "typeProperties": {
                            "source": {
                                "type": "AzureSqlSource",
                                "queryTimeout": "02:00:00",
                                "partitionOption": "None"
                            },
                            "sink": {
                                "type": "JsonSink",
                                "storeSettings": {
                                    "type": "AzureBlobFSWriteSettings"
                                },
                                "formatSettings": {
                                    "type": "JsonWriteSettings"
                                }
                            },
                            "enableStaging": false
                        },
                        "inputs": [
                            {
                                "referenceName": "Niha_DB_Customer_DS",
                                "type": "DatasetReference",
                                "parameters": {}
                            }
                        ],
                        "outputs": [
                            {
                                "referenceName": "ADLSgen2_JSON_DS",
                                "type": "DatasetReference",
                                "parameters": {}
                            }
                        ]
                    }
                ],
                "policy": {
                    "elapsedTimeMetric": {}
                },
                "annotations": []
            },
            "dependsOn": [
                "[concat(variables('factoryId'), '/datasets/Niha_DB_Customer_DS')]",
                "[concat(variables('factoryId'), '/datasets/ADLSgen2_JSON_DS')]"
            ]
        },
        {
            "name": "[concat(parameters('factoryName'), '/Copy_ProductTable_to_JSON')]",
            "type": "Microsoft.DataFactory/factories/pipelines",
            "apiVersion": "2018-06-01",
            "properties": {
                "activities": [
                    {
                        "name": "Copy_Product_to_json",
                        "type": "Copy",
                        "dependsOn": [],
                        "policy": {
                            "timeout": "0.12:00:00",
                            "retry": 0,
                            "retryIntervalInSeconds": 30,
                            "secureOutput": false,
                            "secureInput": false
                        },
                        "userProperties": [],
                        "typeProperties": {
                            "source": {
                                "type": "AzureSqlSource",
                                "queryTimeout": "02:00:00",
                                "partitionOption": "None"
                            },
                            "sink": {
                                "type": "JsonSink",
                                "storeSettings": {
                                    "type": "AzureBlobFSWriteSettings"
                                },
                                "formatSettings": {
                                    "type": "JsonWriteSettings"
                                }
                            },
                            "enableStaging": false
                        },
                        "inputs": [
                            {
                                "referenceName": "SQL_DB_Product_DS",
                                "type": "DatasetReference",
                                "parameters": {}
                            }
                        ],
                        "outputs": [
                            {
                                "referenceName": "ADLSgen2_JSON_DS",
                                "type": "DatasetReference",
                                "parameters": {}
                            }
                        ]
                    }
                ],
                "policy": {
                    "elapsedTimeMetric": {}
                },
                "annotations": []
            },
            "dependsOn": [
                "[concat(variables('factoryId'), '/datasets/SQL_DB_Product_DS')]",
                "[concat(variables('factoryId'), '/datasets/ADLSgen2_JSON_DS')]"
            ]
        },
        {
            "name": "[concat(parameters('factoryName'), '/Copy_Product_Table_to_csv')]",
            "type": "Microsoft.DataFactory/factories/pipelines",
            "apiVersion": "2018-06-01",
            "properties": {
                "activities": [
                    {
                        "name": "Copy data1",
                        "type": "Copy",
                        "dependsOn": [],
                        "policy": {
                            "timeout": "0.12:00:00",
                            "retry": 0,
                            "retryIntervalInSeconds": 30,
                            "secureOutput": false,
                            "secureInput": false
                        },
                        "userProperties": [],
                        "typeProperties": {
                            "source": {
                                "type": "AzureSqlSource",
                                "queryTimeout": "02:00:00",
                                "partitionOption": "None"
                            },
                            "sink": {
                                "type": "DelimitedTextSink",
                                "storeSettings": {
                                    "type": "AzureBlobFSWriteSettings"
                                },
                                "formatSettings": {
                                    "type": "DelimitedTextWriteSettings",
                                    "quoteAllText": true,
                                    "fileExtension": ".txt"
                                }
                            },
                            "enableStaging": false,
                            "translator": {
                                "type": "TabularTranslator",
                                "typeConversion": true,
                                "typeConversionSettings": {
                                    "allowDataTruncation": true,
                                    "treatBooleanAsNumber": false
                                }
                            }
                        },
                        "inputs": [
                            {
                                "referenceName": "SQL_DB_Product_DS",
                                "type": "DatasetReference",
                                "parameters": {}
                            }
                        ],
                        "outputs": [
                            {
                                "referenceName": "ADLSgen2_csv_DS",
                                "type": "DatasetReference",
                                "parameters": {}
                            }
                        ]
                    }
                ],
                "policy": {
                    "elapsedTimeMetric": {}
                },
                "annotations": []
            },
            "dependsOn": [
                "[concat(variables('factoryId'), '/datasets/SQL_DB_Product_DS')]",
                "[concat(variables('factoryId'), '/datasets/ADLSgen2_csv_DS')]"
            ]
        },
        {
            "name": "[concat(parameters('factoryName'), '/Ingestion_SQL_DB_Table_generic')]",
            "type": "Microsoft.DataFactory/factories/pipelines",
            "apiVersion": "2018-06-01",
            "properties": {
                "activities": [
                    {
                        "name": "Copy_generic_table_sql_adls",
                        "type": "Copy",
                        "dependsOn": [],
                        "policy": {
                            "timeout": "0.12:00:00",
                            "retry": 0,
                            "retryIntervalInSeconds": 30,
                            "secureOutput": false,
                            "secureInput": false
                        },
                        "userProperties": [],
                        "typeProperties": {
                            "source": {
                                "type": "AzureSqlSource",
                                "queryTimeout": "02:00:00",
                                "partitionOption": "None"
                            },
                            "sink": {
                                "type": "DelimitedTextSink",
                                "storeSettings": {
                                    "type": "AzureBlobFSWriteSettings"
                                },
                                "formatSettings": {
                                    "type": "DelimitedTextWriteSettings",
                                    "quoteAllText": true,
                                    "fileExtension": ".txt"
                                }
                            },
                            "enableStaging": false,
                            "translator": {
                                "type": "TabularTranslator",
                                "typeConversion": true,
                                "typeConversionSettings": {
                                    "allowDataTruncation": true,
                                    "treatBooleanAsNumber": false
                                }
                            }
                        },
                        "inputs": [
                            {
                                "referenceName": "SQL_DB_Generic_csv_DS",
                                "type": "DatasetReference",
                                "parameters": {
                                    "SchemaName": "Saleslt",
                                    "TableName": "CustomerAddress"
                                }
                            }
                        ],
                        "outputs": [
                            {
                                "referenceName": "ADLSgen2_csv_DS",
                                "type": "DatasetReference",
                                "parameters": {}
                            }
                        ]
                    }
                ],
                "policy": {
                    "elapsedTimeMetric": {}
                },
                "annotations": []
            },
            "dependsOn": [
                "[concat(variables('factoryId'), '/datasets/SQL_DB_Generic_csv_DS')]",
                "[concat(variables('factoryId'), '/datasets/ADLSgen2_csv_DS')]"
            ]
        },
        {
            "name": "[concat(parameters('factoryName'), '/Load_rec_500_more_productSql_to_adls_lookup')]",
            "type": "Microsoft.DataFactory/factories/pipelines",
            "apiVersion": "2018-06-01",
            "properties": {
                "activities": [
                    {
                        "name": "GetCutomerRecord",
                        "type": "Lookup",
                        "dependsOn": [],
                        "policy": {
                            "timeout": "0.12:00:00",
                            "retry": 0,
                            "retryIntervalInSeconds": 30,
                            "secureOutput": false,
                            "secureInput": false
                        },
                        "userProperties": [],
                        "typeProperties": {
                            "source": {
                                "type": "AzureSqlSource",
                                "sqlReaderQuery": "select count(*) as RecordsCount from [SalesLT].[Customer]",
                                "queryTimeout": "02:00:00",
                                "partitionOption": "None"
                            },
                            "dataset": {
                                "referenceName": "Niha_DB_Customer_DS",
                                "type": "DatasetReference",
                                "parameters": {}
                            },
                            "firstRowOnly": true
                        }
                    },
                    {
                        "name": "If Condition1",
                        "type": "IfCondition",
                        "dependsOn": [
                            {
                                "activity": "GetCutomerRecord",
                                "dependencyConditions": [
                                    "Succeeded"
                                ]
                            }
                        ],
                        "userProperties": [],
                        "typeProperties": {
                            "expression": {
                                "value": "@greater(activity('GetCutomerRecord').output.firstRow.RecordsCount, 500)",
                                "type": "Expression"
                            },
                            "ifTrueActivities": [
                                {
                                    "name": "Copy_rec_greater_500",
                                    "type": "Copy",
                                    "dependsOn": [],
                                    "policy": {
                                        "timeout": "0.12:00:00",
                                        "retry": 0,
                                        "retryIntervalInSeconds": 30,
                                        "secureOutput": false,
                                        "secureInput": false
                                    },
                                    "userProperties": [],
                                    "typeProperties": {
                                        "source": {
                                            "type": "AzureSqlSource",
                                            "queryTimeout": "02:00:00",
                                            "partitionOption": "None"
                                        },
                                        "sink": {
                                            "type": "DelimitedTextSink",
                                            "storeSettings": {
                                                "type": "AzureBlobFSWriteSettings"
                                            },
                                            "formatSettings": {
                                                "type": "DelimitedTextWriteSettings",
                                                "quoteAllText": true,
                                                "fileExtension": ".txt"
                                            }
                                        },
                                        "enableStaging": false,
                                        "translator": {
                                            "type": "TabularTranslator",
                                            "typeConversion": true,
                                            "typeConversionSettings": {
                                                "allowDataTruncation": true,
                                                "treatBooleanAsNumber": false
                                            }
                                        }
                                    },
                                    "inputs": [
                                        {
                                            "referenceName": "Niha_DB_Customer_DS",
                                            "type": "DatasetReference",
                                            "parameters": {}
                                        }
                                    ],
                                    "outputs": [
                                        {
                                            "referenceName": "ADLSgen2_csv_DS",
                                            "type": "DatasetReference",
                                            "parameters": {}
                                        }
                                    ]
                                }
                            ]
                        }
                    }
                ],
                "policy": {
                    "elapsedTimeMetric": {}
                },
                "annotations": []
            },
            "dependsOn": [
                "[concat(variables('factoryId'), '/datasets/Niha_DB_Customer_DS')]",
                "[concat(variables('factoryId'), '/datasets/ADLSgen2_csv_DS')]"
            ]
        },
        {
            "name": "[concat(parameters('factoryName'), '/Product_Child_Pipeline')]",
            "type": "Microsoft.DataFactory/factories/pipelines",
            "apiVersion": "2018-06-01",
            "properties": {
                "activities": [
                    {
                        "name": "GetProductRecordsCount",
                        "type": "Lookup",
                        "dependsOn": [],
                        "policy": {
                            "timeout": "0.12:00:00",
                            "retry": 0,
                            "retryIntervalInSeconds": 30,
                            "secureOutput": false,
                            "secureInput": false
                        },
                        "userProperties": [],
                        "typeProperties": {
                            "source": {
                                "type": "AzureSqlSource",
                                "sqlReaderQuery": "select count(*) as ProductRecordsCount from [SalesLT].[Product]",
                                "queryTimeout": "02:00:00",
                                "partitionOption": "None"
                            },
                            "dataset": {
                                "referenceName": "Niha_DB_Customer_DS",
                                "type": "DatasetReference",
                                "parameters": {}
                            }
                        }
                    },
                    {
                        "name": "If_ProductCount_greater_200",
                        "type": "IfCondition",
                        "dependsOn": [
                            {
                                "activity": "GetProductRecordsCount",
                                "dependencyConditions": [
                                    "Succeeded"
                                ]
                            }
                        ],
                        "userProperties": [],
                        "typeProperties": {
                            "expression": {
                                "value": "@greater(activity('GetProductRecordsCount').output.firstRow.ProductRecordsCount,200)",
                                "type": "Expression"
                            },
                            "ifTrueActivities": [
                                {
                                    "name": "Copy_Product_adls",
                                    "type": "Copy",
                                    "dependsOn": [],
                                    "policy": {
                                        "timeout": "0.12:00:00",
                                        "retry": 0,
                                        "retryIntervalInSeconds": 30,
                                        "secureOutput": false,
                                        "secureInput": false
                                    },
                                    "userProperties": [],
                                    "typeProperties": {
                                        "source": {
                                            "type": "AzureSqlSource",
                                            "queryTimeout": "02:00:00",
                                            "partitionOption": "None"
                                        },
                                        "sink": {
                                            "type": "DelimitedTextSink",
                                            "storeSettings": {
                                                "type": "AzureBlobFSWriteSettings"
                                            },
                                            "formatSettings": {
                                                "type": "DelimitedTextWriteSettings",
                                                "quoteAllText": true,
                                                "fileExtension": ".txt"
                                            }
                                        },
                                        "enableStaging": false,
                                        "translator": {
                                            "type": "TabularTranslator",
                                            "typeConversion": true,
                                            "typeConversionSettings": {
                                                "allowDataTruncation": true,
                                                "treatBooleanAsNumber": false
                                            }
                                        }
                                    },
                                    "inputs": [
                                        {
                                            "referenceName": "SQL_DB_Product_DS",
                                            "type": "DatasetReference",
                                            "parameters": {}
                                        }
                                    ],
                                    "outputs": [
                                        {
                                            "referenceName": "adlsgen2_dynamic_csv_DS",
                                            "type": "DatasetReference",
                                            "parameters": {}
                                        }
                                    ]
                                }
                            ]
                        }
                    }
                ],
                "policy": {
                    "elapsedTimeMetric": {}
                },
                "annotations": []
            },
            "dependsOn": [
                "[concat(variables('factoryId'), '/datasets/Niha_DB_Customer_DS')]",
                "[concat(variables('factoryId'), '/datasets/SQL_DB_Product_DS')]",
                "[concat(variables('factoryId'), '/datasets/adlsgen2_dynamic_csv_DS')]"
            ]
        }
    ]
}